customer_id,Name,Email,City
1,Neha Pillai,neha.pillai@example.com,Dhanbad
2,Suresh Mehta,suresh.mehta@example.com,Madurai
3,Manoj Pillai,manoj.pillai@example.com,Salem
4,Robert Reddy,robert.reddy@example.com,Jaipur
5,Arjun Singh,arjun.singh@example.com,Delhi
6,John Soni,john.soni@example.com,Varanasi
7,Arav Joshi,arav.joshi@example.com,Visakhapatnam
8,Vikram Bhasin,vikram.bhasin@example.com,Kolkata
9,John Chatterjee,john.chatterjee@example.com,Chandigarh
10,Robert Patel,robert.patel@example.com,Aurangabad
11,Meena Jones,meena.jones@example.com,Amritsar
12,Emily Patel,emily.patel@example.com,Srinagar
13,Anil Nair,anil.nair@example.com,Visakhapatnam
14,Vikram Johnson,vikram.johnson@example.com,Nashik
15,James Malhotra,james.malhotra@example.com,Jabalpur
16,Arav Reddy,arav.reddy@example.com,Coimbatore
17,Shweta Chatterjee,shweta.chatterjee@example.com,Guwahati
18,Ritu Soni,ritu.soni@example.com,Ghaziabad
19,Aadhya Nair,aadhya.nair@example.com,Jabalpur
20,Kiran Rodriguez,kiran.rodriguez@example.com,Agra
21,Sarah Reddy,sarah.reddy@example.com,Kalyan-Dombivli
22,Ramesh Shah,ramesh.shah@example.com,Coimbatore
23,Kiran Pandey,kiran.pandey@example.com,Chennai
24,Emily Sharma,emily.sharma@example.com,Jodhpur
25,David Rao,david.rao@example.com,Ludhiana
26,Suresh Pillai,suresh.pillai@example.com,Salem
27,Aditya Brown,aditya.brown@example.com,Jodhpur
28,Meena Kapoor,meena.kapoor@example.com,Jodhpur
29,Ritu Smith,ritu.smith@example.com,Kanpur
30,Rohit Wilson,rohit.wilson@example.com,Aurangabad
31,Sunil Gill,sunil.gill@example.com,Vasai-Virar
32,Rahul Roy,rahul.roy@example.com,Amritsar
33,Gaurav Malhotra,gaurav.malhotra@example.com,Bhopal
34,Sarah Garcia,sarah.garcia@example.com,Thane
35,Alok Reddy,alok.reddy@example.com,Varanasi
36,Michael Gupta,michael.gupta@example.com,Vadodara
37,Ramesh Soni,ramesh.soni@example.com,Visakhapatnam
38,Sanjay Nair,sanjay.nair@example.com,Madurai
39,William Smith,william.smith@example.com,Raipur
40,Reyansh Chatterjee,reyansh.chatterjee@example.com,Ludhiana
41,Sunil Trivedi,sunil.trivedi@example.com,Meerut
42,Isha Joshi,isha.joshi@example.com,Patna
43,Ananya Kapoor,ananya.kapoor@example.com,Guwahati
44,Kiran Garcia,kiran.garcia@example.com,Thane
45,Sarah Shah,sarah.shah@example.com,Vasai-Virar
46,Divya Singh,divya.singh@example.com,Mumbai
47,Manoj Miller,manoj.miller@example.com,Rajkot
48,Aditya Jones,aditya.jones@example.com,Delhi
49,Reyansh Banerjee,reyansh.banerjee@example.com,Kota
50,Arjun Kumar,arjun.kumar@example.com,Amritsar
51,Meena Roy,meena.roy@example.com,Rajkot
52,Rajesh Bose,rajesh.bose@example.com,Hyderabad
53,Suresh Malhotra,suresh.malhotra@example.com,Hyderabad
54,James Smith,james.smith@example.com,Mumbai
55,Shweta Shah,shweta.shah@example.com,Lucknow
56,Sanjay Joshi,sanjay.joshi@example.com,Jodhpur
57,William Roy,william.roy@example.com,Allahabad
58,Nitin Banerjee,nitin.banerjee@example.com,Kanpur
59,Arjun Rodriguez,arjun.rodriguez@example.com,Varanasi
60,Reyansh Trivedi,reyansh.trivedi@example.com,Raipur
61,William Malhotra,william.malhotra@example.com,Chennai
62,Arjun Kapoor,arjun.kapoor@example.com,Vasai-Virar
63,Sunil Sharma,sunil.sharma@example.com,Nashik
64,Robert Bhasin,robert.bhasin@example.com,Hyderabad
65,Sanjay Gill,sanjay.gill@example.com,Lucknow
66,Michael Brown,michael.brown@example.com,Ahmedabad
67,Pankaj Davis,pankaj.davis@example.com,Visakhapatnam
68,Sneha Reddy,sneha.reddy@example.com,Vadodara
69,Reyansh Verma,reyansh.verma@example.com,Hyderabad
70,Aditya Singh,aditya.singh@example.com,Kota
71,Diya Davis,diya.davis@example.com,Kolkata
72,Ramesh Trivedi,ramesh.trivedi@example.com,Chandigarh
73,Kavita Das,kavita.das@example.com,Aurangabad
74,Manoj Choudhury,manoj.choudhury@example.com,Rourkela
75,Ananya Shah,ananya.shah@example.com,Rajkot
76,Sunil Nair,sunil.nair@example.com,Kanpur
77,David Williams,david.williams@example.com,Coimbatore
78,James Wilson,james.wilson@example.com,Nagpur
79,Michael Malhotra,michael.malhotra@example.com,Hyderabad
80,Alok Bose,alok.bose@example.com,Amritsar
81,Gaurav Rao,gaurav.rao@example.com,Madurai
82,Vivaan Das,vivaan.das@example.com,Hyderabad
83,Kabir Khanna,kabir.khanna@example.com,Coimbatore
84,Vivaan Choudhury,vivaan.choudhury@example.com,Agra
85,Vivaan Kapoor,vivaan.kapoor@example.com,Bhopal
86,Aditya Bhasin,aditya.bhasin@example.com,Ranchi
87,Ananya Soni,ananya.soni@example.com,Ghaziabad
88,David Roy,david.roy@example.com,Surat
89,Jessica Sen,jessica.sen@example.com,Meerut
90,Nitin Brown,nitin.brown@example.com,Bangalore
91,Rahul Choudhury,rahul.choudhury@example.com,Rajkot
92,Meena Sharma,meena.sharma@example.com,Jodhpur
93,Emily Wilson,emily.wilson@example.com,Guwahati
94,Deepak Rodriguez,deepak.rodriguez@example.com,Nagpur
95,Michael Wilson,michael.wilson@example.com,Rajkot
96,Kiran Miller,kiran.miller@example.com,Bangalore
97,Nitin Johnson,nitin.johnson@example.com,Srinagar
98,Sanjay Patel,sanjay.patel@example.com,Lucknow
99,Sanjay Rao,sanjay.rao@example.com,Bangalore
100,Aditya Roy,aditya.roy@example.com,Raipur
101,Divya Gupta,divya.gupta@example.com,Bangalore
102,Sneha Verma,sneha.verma@example.com,Ghaziabad
103,Priya Garcia,priya.garcia@example.com,Ahmedabad
104,Ritu Garcia,ritu.garcia@example.com,Bhopal
105,Emily Johnson,emily.johnson@example.com,Coimbatore
106,Aditya Bose,aditya.bose@example.com,Rajkot
107,Reyansh Reddy,reyansh.reddy@example.com,Delhi
108,Meena Smith,meena.smith@example.com,Surat
109,Ritu Kapoor,ritu.kapoor@example.com,Visakhapatnam
110,Pooja Wilson,pooja.wilson@example.com,Nashik
111,Alok Das,alok.das@example.com,Agra
112,Diya Das,diya.das@example.com,Kanpur
113,Ramesh Chatterjee,ramesh.chatterjee@example.com,Aurangabad
114,Reyansh Jones,reyansh.jones@example.com,Pimpri-Chinchwad
115,Vikram Smith,vikram.smith@example.com,Kota
116,Sunil Joshi,sunil.joshi@example.com,Meerut
117,Amit Jones,amit.jones@example.com,Ahmedabad
118,Isha Khanna,isha.khanna@example.com,Bangalore
119,Vijay Soni,vijay.soni@example.com,Jabalpur
120,Rohit Pillai,rohit.pillai@example.com,Coimbatore
121,Swati Reddy,swati.reddy@example.com,Vadodara
122,James Sen,james.sen@example.com,Howrah
123,Ramesh Smith,ramesh.smith@example.com,Coimbatore
124,Reyansh Bhasin,reyansh.bhasin@example.com,Srinagar
125,Robert Gill,robert.gill@example.com,Dhanbad
126,Suresh Shah,suresh.shah@example.com,Aurangabad
127,Nitin Smith,nitin.smith@example.com,Rajkot
128,Sneha Bose,sneha.bose@example.com,Guwahati
129,Meena Mehta,meena.mehta@example.com,Indore
130,Robert Mehta,robert.mehta@example.com,Gwalior
131,Sanjay Brown,sanjay.brown@example.com,Ludhiana
132,Emily Jones,emily.jones@example.com,Howrah
133,Kiran Williams,kiran.williams@example.com,Mumbai
134,Manoj Trivedi,manoj.trivedi@example.com,Chandigarh
135,Jessica Bose,jessica.bose@example.com,Delhi
136,Gaurav Trivedi,gaurav.trivedi@example.com,Kanpur
137,Kabir Mehta,kabir.mehta@example.com,Pune
138,Nitin Williams,nitin.williams@example.com,Chennai
139,Aarti Johnson,aarti.johnson@example.com,Chennai
140,Mary Pandey,mary.pandey@example.com,Ahmedabad
141,Manoj Roy,manoj.roy@example.com,Varanasi
142,Sarah Smith,sarah.smith@example.com,Pimpri-Chinchwad
143,Sarah Wilson,sarah.wilson@example.com,Raipur
144,Aadhya Kapoor,aadhya.kapoor@example.com,Navi Mumbai
145,Mary Davis,mary.davis@example.com,Mumbai
146,Neha Choudhury,neha.choudhury@example.com,Nashik
147,Aarti Kumar,aarti.kumar@example.com,Pune
148,Vikram Shah,vikram.shah@example.com,Jabalpur
149,Amit Malhotra,amit.malhotra@example.com,Thane
150,Neha Wilson,neha.wilson@example.com,Surat
151,Kiran Sharma,kiran.sharma@example.com,Aurangabad
152,Pankaj Rao,pankaj.rao@example.com,Aurangabad
153,Meena Chatterjee,meena.chatterjee@example.com,Kota
154,Neha Singh,neha.singh@example.com,Howrah
155,Isha Shah,isha.shah@example.com,Visakhapatnam
156,John Reddy,john.reddy@example.com,Kolkata
157,Alok Trivedi,alok.trivedi@example.com,Patna
158,William Brown,william.brown@example.com,Hyderabad
159,Sneha Khanna,sneha.khanna@example.com,Patna
160,John Das,john.das@example.com,Vijayawada
161,Emily Williams,emily.williams@example.com,Navi Mumbai
162,Anil Brown,anil.brown@example.com,Varanasi
163,Kiran Gill,kiran.gill@example.com,Kalyan-Dombivli
164,Robert Mishra,robert.mishra@example.com,Jaipur
165,Ananya Pandey,ananya.pandey@example.com,Jodhpur
166,Kavita Banerjee,kavita.banerjee@example.com,Nagpur
167,Pooja Verma,pooja.verma@example.com,Rajkot
168,John Banerjee,john.banerjee@example.com,Ahmedabad
169,Priya Joshi,priya.joshi@example.com,Guwahati
170,Sarah Chatterjee,sarah.chatterjee@example.com,Patna
171,Bhavya Arora,bhavya.arora@example.com,Kota
172,Sunil Malhotra,sunil.malhotra@example.com,Madurai
173,Sunil Das,sunil.das@example.com,Guwahati
174,Arav Singh,arav.singh@example.com,Rourkela
175,William Nair,william.nair@example.com,Coimbatore
176,Ramesh Garcia,ramesh.garcia@example.com,Ghaziabad
177,Meena Reddy,meena.reddy@example.com,Bhopal
178,Isha Garcia,isha.garcia@example.com,Aurangabad
179,Robert Miller,robert.miller@example.com,Amritsar
180,Aditya Shah,aditya.shah@example.com,Gwalior
181,Divya Shah,divya.shah@example.com,Vadodara
182,Bhavya Brown,bhavya.brown@example.com,Agra
183,Shweta Gill,shweta.gill@example.com,Raipur
184,Vivaan Kumar,vivaan.kumar@example.com,Jabalpur
185,Ananya Kumar,ananya.kumar@example.com,Vasai-Virar
186,Rahul Kapoor,rahul.kapoor@example.com,Allahabad
187,Reyansh Pillai,reyansh.pillai@example.com,Faridabad
188,Isha Soni,isha.soni@example.com,Mumbai
189,Sunil Pandey,sunil.pandey@example.com,Navi Mumbai
190,Amit Joshi,amit.joshi@example.com,Srinagar
191,Swati Gill,swati.gill@example.com,Ranchi
192,Michael Rodriguez,michael.rodriguez@example.com,Coimbatore
193,Aditya Patel,aditya.patel@example.com,Varanasi
194,Reyansh Kapoor,reyansh.kapoor@example.com,Jodhpur
195,Meena Soni,meena.soni@example.com,Patna
196,Neha Joshi,neha.joshi@example.com,Vijayawada
197,David Gupta,david.gupta@example.com,Vijayawada
198,Ramesh Gupta,ramesh.gupta@example.com,Bangalore
199,Pankaj Trivedi,pankaj.trivedi@example.com,Coimbatore
200,Vijay Trivedi,vijay.trivedi@example.com,Lucknow
201,Bhavya Singh,bhavya.singh@example.com,Nashik
202,Rajesh Rodriguez,rajesh.rodriguez@example.com,Indore
203,David Smith,david.smith@example.com,Meerut
204,Pankaj Pandey,pankaj.pandey@example.com,Lucknow
205,Kabir Bhasin,kabir.bhasin@example.com,Allahabad
206,Manoj Gupta,manoj.gupta@example.com,Pimpri-Chinchwad
207,Deepak Khanna,deepak.khanna@example.com,Ahmedabad
208,Mary Patel,mary.patel@example.com,Allahabad
209,Michael Arora,michael.arora@example.com,Mumbai
210,Manoj Verma,manoj.verma@example.com,Hyderabad
211,Nitin Mehta,nitin.mehta@example.com,Vasai-Virar
212,Swati Soni,swati.soni@example.com,Bangalore
213,Deepak Johnson,deepak.johnson@example.com,Varanasi
214,Mary Pillai,mary.pillai@example.com,Varanasi
215,Alok Pandey,alok.pandey@example.com,Visakhapatnam
216,Neha Gill,neha.gill@example.com,Kolkata
217,Anil Joshi,anil.joshi@example.com,Bhopal
218,Kabir Mishra,kabir.mishra@example.com,Allahabad
219,Jessica Malhotra,jessica.malhotra@example.com,Dhanbad
220,Kavita Mehta,kavita.mehta@example.com,Howrah
221,Isha Kumar,isha.kumar@example.com,Nagpur
222,Mary Rao,mary.rao@example.com,Faridabad
223,Gaurav Williams,gaurav.williams@example.com,Vasai-Virar
224,Manoj Nair,manoj.nair@example.com,Surat
225,Ritu Brown,ritu.brown@example.com,Rajkot
226,Arav Johnson,arav.johnson@example.com,Salem
227,Sneha Bhasin,sneha.bhasin@example.com,Pimpri-Chinchwad
228,Neha Kapoor,neha.kapoor@example.com,Jodhpur
229,Amit Johnson,amit.johnson@example.com,Indore
230,Arjun Miller,arjun.miller@example.com,Faridabad
231,Emily Gupta,emily.gupta@example.com,Ranchi
232,Suresh Roy,suresh.roy@example.com,Agra
233,Pooja Davis,pooja.davis@example.com,Ahmedabad
234,Alok Brown,alok.brown@example.com,Kota
235,John Rodriguez,john.rodriguez@example.com,Ahmedabad
236,Kavita Singh,kavita.singh@example.com,Lucknow
237,Emily Garcia,emily.garcia@example.com,Jaipur
238,Arav Rao,arav.rao@example.com,Jabalpur
239,Gaurav Gupta,gaurav.gupta@example.com,Visakhapatnam
240,Aadhya Garcia,aadhya.garcia@example.com,Aurangabad
241,Emily Rao,emily.rao@example.com,Vijayawada
242,Priya Kumar,priya.kumar@example.com,Vijayawada
243,Aarti Gill,aarti.gill@example.com,Ranchi
244,James Shah,james.shah@example.com,Navi Mumbai
245,Alok Gill,alok.gill@example.com,Raipur
246,Sarah Trivedi,sarah.trivedi@example.com,Rajkot
247,Rohit Kumar,rohit.kumar@example.com,Nashik
248,Mary Banerjee,mary.banerjee@example.com,Ahmedabad
249,Divya Banerjee,divya.banerjee@example.com,Kanpur
250,Robert Gupta,robert.gupta@example.com,Meerut
251,Swati Sen,swati.sen@example.com,Chandigarh
252,John Mishra,john.mishra@example.com,Amritsar
253,Sneha Johnson,sneha.johnson@example.com,Guwahati
254,Manoj Patel,manoj.patel@example.com,Kalyan-Dombivli
255,Vijay Chatterjee,vijay.chatterjee@example.com,Pimpri-Chinchwad
256,Gaurav Sen,gaurav.sen@example.com,Aurangabad
257,Vijay Mehta,vijay.mehta@example.com,Ahmedabad
258,Reyansh Patel,reyansh.patel@example.com,Pimpri-Chinchwad
259,Divya Mehta,divya.mehta@example.com,Meerut
260,Kiran Joshi,kiran.joshi@example.com,Thane
261,John Kapoor,john.kapoor@example.com,Lucknow
262,Vikram Mehta,vikram.mehta@example.com,Ranchi
263,Isha Banerjee,isha.banerjee@example.com,Patna
264,Rahul Soni,rahul.soni@example.com,Bhopal
265,Robert Bose,robert.bose@example.com,Meerut
266,David Wilson,david.wilson@example.com,Hyderabad
267,Sneha Jones,sneha.jones@example.com,Pimpri-Chinchwad
268,Deepak Bhasin,deepak.bhasin@example.com,Ghaziabad
269,Deepak Garcia,deepak.garcia@example.com,Hyderabad
270,Kiran Patel,kiran.patel@example.com,Jodhpur
271,Sneha Choudhury,sneha.choudhury@example.com,Rajkot
272,Aditya Banerjee,aditya.banerjee@example.com,Guwahati
273,Vivaan Johnson,vivaan.johnson@example.com,Visakhapatnam
274,John Joshi,john.joshi@example.com,Raipur
275,Priya Johnson,priya.johnson@example.com,Jaipur
276,Diya Mehta,diya.mehta@example.com,Meerut
277,Sunil Banerjee,sunil.banerjee@example.com,Gwalior
278,Vivaan Malhotra,vivaan.malhotra@example.com,Srinagar
279,Manoj Garcia,manoj.garcia@example.com,Aurangabad
280,Arav Mehta,arav.mehta@example.com,Delhi
281,Kiran Bhasin,kiran.bhasin@example.com,Pimpri-Chinchwad
282,Swati Banerjee,swati.banerjee@example.com,Agra
283,Arav Verma,arav.verma@example.com,Nashik
284,Rohit Roy,rohit.roy@example.com,Agra
285,Vivaan Rodriguez,vivaan.rodriguez@example.com,Nashik
286,Vikram Brown,vikram.brown@example.com,Pimpri-Chinchwad
287,Kabir Singh,kabir.singh@example.com,Faridabad
288,Kabir Joshi,kabir.joshi@example.com,Meerut
289,Reyansh Soni,reyansh.soni@example.com,Vijayawada
290,Vivaan Gill,vivaan.gill@example.com,Gwalior
291,Vijay Rao,vijay.rao@example.com,Mumbai
292,Diya Malhotra,diya.malhotra@example.com,Kanpur
293,Arjun Banerjee,arjun.banerjee@example.com,Visakhapatnam
294,Shweta Singh,shweta.singh@example.com,Lucknow
295,Nitin Roy,nitin.roy@example.com,Bangalore
296,John Shah,john.shah@example.com,Vasai-Virar
297,Anil Chatterjee,anil.chatterjee@example.com,Rajkot
298,Diya Khanna,diya.khanna@example.com,Salem
299,Deepak Verma,deepak.verma@example.com,Coimbatore
300,Vivaan Reddy,vivaan.reddy@example.com,Bangalore
301,Divya Verma,divya.verma@example.com,Meerut
302,Pankaj Sen,pankaj.sen@example.com,Allahabad
303,Suresh Bose,suresh.bose@example.com,Jodhpur
304,Swati Davis,swati.davis@example.com,Guwahati
305,Aarti Joshi,aarti.joshi@example.com,Lucknow
306,Vikram Chatterjee,vikram.chatterjee@example.com,Agra
307,Swati Rao,swati.rao@example.com,Jabalpur
308,Sunil Mishra,sunil.mishra@example.com,Vadodara
309,Ritu Singh,ritu.singh@example.com,Ludhiana
310,Anil Wilson,anil.wilson@example.com,Visakhapatnam
311,Sanjay Wilson,sanjay.wilson@example.com,Ghaziabad
312,Kavita Jones,kavita.jones@example.com,Amritsar
313,William Garcia,william.garcia@example.com,Bangalore
314,Sanjay Pillai,sanjay.pillai@example.com,Vijayawada
315,Anil Khanna,anil.khanna@example.com,Ghaziabad
316,Aarti Garcia,aarti.garcia@example.com,Visakhapatnam
317,Bhavya Smith,bhavya.smith@example.com,Raipur
318,Kavita Roy,kavita.roy@example.com,Coimbatore
319,Rohit Das,rohit.das@example.com,Meerut
320,Isha Bose,isha.bose@example.com,Jodhpur
321,Diya Joshi,diya.joshi@example.com,Bangalore
322,William Bhasin,william.bhasin@example.com,Hyderabad
323,Mary Rodriguez,mary.rodriguez@example.com,Agra
324,Alok Nair,alok.nair@example.com,Ghaziabad
325,Rahul Arora,rahul.arora@example.com,Hyderabad
326,Deepak Sharma,deepak.sharma@example.com,Jabalpur
327,Suresh Sen,suresh.sen@example.com,Meerut
328,Vivaan Sen,vivaan.sen@example.com,Surat
329,Sneha Smith,sneha.smith@example.com,Jodhpur
330,William Arora,william.arora@example.com,Aurangabad
331,Pankaj Bose,pankaj.bose@example.com,Kalyan-Dombivli
332,Sneha Nair,sneha.nair@example.com,Pimpri-Chinchwad
333,Aarti Chatterjee,aarti.chatterjee@example.com,Pune
334,Arjun Joshi,arjun.joshi@example.com,Patna
335,Ananya Gill,ananya.gill@example.com,Guwahati
336,Mary Brown,mary.brown@example.com,Howrah
337,Aadhya Malhotra,aadhya.malhotra@example.com,Rourkela
338,Rajesh Wilson,rajesh.wilson@example.com,Surat
339,Aditya Sharma,aditya.sharma@example.com,Howrah
340,Mary Gupta,mary.gupta@example.com,Jaipur
341,Alok Chatterjee,alok.chatterjee@example.com,Thane
342,Kiran Mishra,kiran.mishra@example.com,Vadodara
343,Isha Pandey,isha.pandey@example.com,Mumbai
344,Sanjay Mehta,sanjay.mehta@example.com,Chennai
345,Shweta Rao,shweta.rao@example.com,Ranchi
346,Arjun Bhasin,arjun.bhasin@example.com,Agra
347,Rajesh Soni,rajesh.soni@example.com,Allahabad
348,Sunil Mehta,sunil.mehta@example.com,Gwalior
349,Swati Pillai,swati.pillai@example.com,Dhanbad
350,John Bhasin,john.bhasin@example.com,Madurai
351,Reyansh Wilson,reyansh.wilson@example.com,Thane
352,Sarah Mishra,sarah.mishra@example.com,Madurai
353,Sneha Kumar,sneha.kumar@example.com,Kota
354,Aarti Patel,aarti.patel@example.com,Visakhapatnam
355,Amit Mishra,amit.mishra@example.com,Nagpur
356,Aditya Joshi,aditya.joshi@example.com,Ghaziabad
357,Swati Bhasin,swati.bhasin@example.com,Patna
358,Aditya Khanna,aditya.khanna@example.com,Gwalior
359,Shweta Smith,shweta.smith@example.com,Ahmedabad
360,Mary Trivedi,mary.trivedi@example.com,Patna
361,Robert Kumar,robert.kumar@example.com,Kanpur
362,Arav Malhotra,arav.malhotra@example.com,Ranchi
363,Deepak Sen,deepak.sen@example.com,Bangalore
364,Pankaj Khanna,pankaj.khanna@example.com,Chennai
365,John Nair,john.nair@example.com,Kanpur
366,Vijay Brown,vijay.brown@example.com,Coimbatore
367,Kabir Patel,kabir.patel@example.com,Madurai
368,Vijay Garcia,vijay.garcia@example.com,Jodhpur
369,Kavita Choudhury,kavita.choudhury@example.com,Allahabad
370,Suresh Gill,suresh.gill@example.com,Ghaziabad
371,Swati Trivedi,swati.trivedi@example.com,Dhanbad
372,Rajesh Khanna,rajesh.khanna@example.com,Ahmedabad
373,Aarti Davis,aarti.davis@example.com,Bhopal
374,Arav Sen,arav.sen@example.com,Raipur
375,Ananya Rao,ananya.rao@example.com,Ghaziabad
376,Neha Smith,neha.smith@example.com,Ludhiana
377,John Singh,john.singh@example.com,Agra
378,Michael Kapoor,michael.kapoor@example.com,Chandigarh
379,Shweta Reddy,shweta.reddy@example.com,Aurangabad
380,Aditya Nair,aditya.nair@example.com,Dhanbad
381,Pooja Mehta,pooja.mehta@example.com,Patna
382,David Arora,david.arora@example.com,Gwalior
383,Swati Sharma,swati.sharma@example.com,Patna
384,Alok Bhasin,alok.bhasin@example.com,Raipur
385,Neha Roy,neha.roy@example.com,Ludhiana
386,Gaurav Kumar,gaurav.kumar@example.com,Agra
387,Amit Bhasin,amit.bhasin@example.com,Ghaziabad
388,David Verma,david.verma@example.com,Coimbatore
389,Aditya Rodriguez,aditya.rodriguez@example.com,Lucknow
390,Kabir Nair,kabir.nair@example.com,Surat
391,Alok Jones,alok.jones@example.com,Aurangabad
392,Sanjay Williams,sanjay.williams@example.com,Faridabad
393,William Kumar,william.kumar@example.com,Jabalpur
394,James Johnson,james.johnson@example.com,Jaipur
395,Deepak Choudhury,deepak.choudhury@example.com,Lucknow
396,Pooja Khanna,pooja.khanna@example.com,Patna
397,David Nair,david.nair@example.com,Coimbatore
398,Jessica Roy,jessica.roy@example.com,Salem
399,Swati Rodriguez,swati.rodriguez@example.com,Ranchi
400,Pankaj Smith,pankaj.smith@example.com,Varanasi
401,James Trivedi,james.trivedi@example.com,Pimpri-Chinchwad
402,Kiran Shah,kiran.shah@example.com,Varanasi
403,Anil Pillai,anil.pillai@example.com,Kanpur
404,William Das,william.das@example.com,Varanasi
405,Jessica Rao,jessica.rao@example.com,Rajkot
406,Kavita Sen,kavita.sen@example.com,Rourkela
407,Robert Roy,robert.roy@example.com,Ghaziabad
408,Ananya Nair,ananya.nair@example.com,Thane
409,Emily Pandey,emily.pandey@example.com,Hyderabad
410,Neha Malhotra,neha.malhotra@example.com,Mumbai
411,Gaurav Arora,gaurav.arora@example.com,Howrah
412,Aditya Smith,aditya.smith@example.com,Bangalore
413,Rajesh Jones,rajesh.jones@example.com,Ludhiana
414,Gaurav Das,gaurav.das@example.com,Vasai-Virar
415,David Pandey,david.pandey@example.com,Lucknow
416,Bhavya Rao,bhavya.rao@example.com,Pune
417,Arav Bose,arav.bose@example.com,Kota
418,Diya Jones,diya.jones@example.com,Gwalior
419,Kavita Khanna,kavita.khanna@example.com,Thane
420,Ramesh Choudhury,ramesh.choudhury@example.com,Amritsar
421,Nitin Pandey,nitin.pandey@example.com,Bangalore
422,Kabir Kapoor,kabir.kapoor@example.com,Kanpur
423,Kiran Malhotra,kiran.malhotra@example.com,Ludhiana
424,Kiran Singh,kiran.singh@example.com,Ranchi
425,Swati Shah,swati.shah@example.com,Raipur
426,Sarah Gupta,sarah.gupta@example.com,Kolkata
427,Michael Pandey,michael.pandey@example.com,Dhanbad
428,Deepak Pillai,deepak.pillai@example.com,Vijayawada
429,Rajesh Das,rajesh.das@example.com,Madurai
430,Rahul Malhotra,rahul.malhotra@example.com,Varanasi
431,Suresh Jones,suresh.jones@example.com,Delhi
432,Pankaj Malhotra,pankaj.malhotra@example.com,Vadodara
433,Sarah Khanna,sarah.khanna@example.com,Patna
434,Arav Arora,arav.arora@example.com,Srinagar
435,Nitin Malhotra,nitin.malhotra@example.com,Lucknow
436,Ramesh Williams,ramesh.williams@example.com,Amritsar
437,Michael Johnson,michael.johnson@example.com,Lucknow
438,Rohit Rao,rohit.rao@example.com,Kanpur
439,Alok Choudhury,alok.choudhury@example.com,Mumbai
440,Ritu Davis,ritu.davis@example.com,Chennai
441,Arjun Arora,arjun.arora@example.com,Aurangabad
442,Aadhya Sen,aadhya.sen@example.com,Jodhpur
443,Rajesh Mishra,rajesh.mishra@example.com,Raipur
444,William Patel,william.patel@example.com,Ranchi
445,Pooja Jones,pooja.jones@example.com,Dhanbad
446,Diya Garcia,diya.garcia@example.com,Agra
447,Sanjay Johnson,sanjay.johnson@example.com,Ranchi
448,Vivaan Mishra,vivaan.mishra@example.com,Meerut
449,Rajesh Gupta,rajesh.gupta@example.com,Jabalpur
450,Ananya Verma,ananya.verma@example.com,Salem
451,Divya Jones,divya.jones@example.com,Pune
452,Deepak Miller,deepak.miller@example.com,Kalyan-Dombivli
453,Rajesh Brown,rajesh.brown@example.com,Kolkata
454,Reyansh Malhotra,reyansh.malhotra@example.com,Bangalore
455,Emily Davis,emily.davis@example.com,Faridabad
456,James Kapoor,james.kapoor@example.com,Visakhapatnam
457,Bhavya Banerjee,bhavya.banerjee@example.com,Ranchi
458,Gaurav Pillai,gaurav.pillai@example.com,Hyderabad
459,Sneha Rao,sneha.rao@example.com,Srinagar
460,Ananya Sharma,ananya.sharma@example.com,Ranchi
461,Ananya Bhasin,ananya.bhasin@example.com,Pimpri-Chinchwad
462,Sanjay Kapoor,sanjay.kapoor@example.com,Kanpur
463,Robert Garcia,robert.garcia@example.com,Vadodara
464,Sunil Roy,sunil.roy@example.com,Howrah
465,Jessica Nair,jessica.nair@example.com,Vasai-Virar
466,Ramesh Pandey,ramesh.pandey@example.com,Coimbatore
467,Kabir Rodriguez,kabir.rodriguez@example.com,Vijayawada
468,Meena Rodriguez,meena.rodriguez@example.com,Ludhiana
469,Anil Jones,anil.jones@example.com,Rourkela
470,Amit Khanna,amit.khanna@example.com,Indore
471,Vikram Pandey,vikram.pandey@example.com,Meerut
472,Gaurav Davis,gaurav.davis@example.com,Navi Mumbai
473,Rajesh Garcia,rajesh.garcia@example.com,Ghaziabad
474,Sneha Das,sneha.das@example.com,Thane
475,Kavita Joshi,kavita.joshi@example.com,Nashik
476,Vikram Mishra,vikram.mishra@example.com,Salem
477,Arav Garcia,arav.garcia@example.com,Nashik
478,Robert Singh,robert.singh@example.com,Salem
479,Amit Kapoor,amit.kapoor@example.com,Meerut
480,Pooja Garcia,pooja.garcia@example.com,Gwalior
481,Aditya Gill,aditya.gill@example.com,Ranchi
482,Vijay Patel,vijay.patel@example.com,Kota
483,Suresh Khanna,suresh.khanna@example.com,Jabalpur
484,Aditya Pandey,aditya.pandey@example.com,Visakhapatnam
485,David Mehta,david.mehta@example.com,Amritsar
486,Vikram Soni,vikram.soni@example.com,Coimbatore
487,Manoj Rao,manoj.rao@example.com,Vijayawada
488,Rahul Nair,rahul.nair@example.com,Srinagar
489,Aarti Verma,aarti.verma@example.com,Kanpur
490,Sanjay Chatterjee,sanjay.chatterjee@example.com,Ahmedabad
491,Rohit Shah,rohit.shah@example.com,Kalyan-Dombivli
492,Bhavya Bhasin,bhavya.bhasin@example.com,Ahmedabad
493,Deepak Brown,deepak.brown@example.com,Surat
494,Ananya Johnson,ananya.johnson@example.com,Nagpur
495,Arjun Mehta,arjun.mehta@example.com,Madurai
496,Bhavya Williams,bhavya.williams@example.com,Pune
497,Sanjay Mishra,sanjay.mishra@example.com,Kolkata
498,Vikram Garcia,vikram.garcia@example.com,Lucknow
499,Ananya Wilson,ananya.wilson@example.com,Agra
500,Kiran Reddy,kiran.reddy@example.com,Rourkela
501,Bhavya Kapoor,bhavya.kapoor@example.com,Vadodara
502,Rohit Sharma,rohit.sharma@example.com,Patna
503,Sanjay Davis,sanjay.davis@example.com,Chennai
504,Sarah Rao,sarah.rao@example.com,Navi Mumbai
505,Mary Sharma,mary.sharma@example.com,Vijayawada
506,Arav Pandey,arav.pandey@example.com,Ghaziabad
507,Sneha Pandey,sneha.pandey@example.com,Hyderabad
508,Isha Verma,isha.verma@example.com,Mumbai
509,Meena Patel,meena.patel@example.com,Aurangabad
510,Robert Kapoor,robert.kapoor@example.com,Chennai
511,Swati Khanna,swati.khanna@example.com,Ahmedabad
512,Manoj Reddy,manoj.reddy@example.com,Bhopal
513,Jessica Trivedi,jessica.trivedi@example.com,Meerut
514,Pankaj Verma,pankaj.verma@example.com,Howrah
515,Aarti Miller,aarti.miller@example.com,Kanpur
516,Deepak Kumar,deepak.kumar@example.com,Aurangabad
517,Rajesh Nair,rajesh.nair@example.com,Varanasi
518,Ramesh Roy,ramesh.roy@example.com,Kalyan-Dombivli
519,Sneha Williams,sneha.williams@example.com,Bangalore
520,Reyansh Choudhury,reyansh.choudhury@example.com,Gwalior
521,Suresh Rodriguez,suresh.rodriguez@example.com,Delhi
522,Michael Choudhury,michael.choudhury@example.com,Madurai
523,Aadhya Bose,aadhya.bose@example.com,Surat
524,Isha Arora,isha.arora@example.com,Varanasi
525,Bhavya Pillai,bhavya.pillai@example.com,Visakhapatnam
526,Ramesh Verma,ramesh.verma@example.com,Meerut
527,Manoj Malhotra,manoj.malhotra@example.com,Patna
528,Aadhya Sharma,aadhya.sharma@example.com,Lucknow
529,Mary Malhotra,mary.malhotra@example.com,Bangalore
530,Arav Brown,arav.brown@example.com,Bhopal
531,Pankaj Garcia,pankaj.garcia@example.com,Lucknow
532,Bhavya Pandey,bhavya.pandey@example.com,Jaipur
533,Mary Gill,mary.gill@example.com,Jodhpur
534,Reyansh Pandey,reyansh.pandey@example.com,Meerut
535,Ritu Johnson,ritu.johnson@example.com,Pune
536,Rahul Johnson,rahul.johnson@example.com,Dhanbad
537,Manoj Singh,manoj.singh@example.com,Vasai-Virar
538,Ritu Rao,ritu.rao@example.com,Kota
539,Meena Nair,meena.nair@example.com,Agra
540,Shweta Wilson,shweta.wilson@example.com,Delhi
541,Manoj Shah,manoj.shah@example.com,Hyderabad
542,Nitin Kapoor,nitin.kapoor@example.com,Delhi
543,Diya Rao,diya.rao@example.com,Bangalore
544,Rohit Nair,rohit.nair@example.com,Vasai-Virar
545,Rohit Trivedi,rohit.trivedi@example.com,Ludhiana
546,Pooja Bhasin,pooja.bhasin@example.com,Bhopal
547,Aadhya Brown,aadhya.brown@example.com,Bangalore
548,Emily Shah,emily.shah@example.com,Srinagar
549,Divya Garcia,divya.garcia@example.com,Madurai
550,Diya Mishra,diya.mishra@example.com,Kota
551,Rahul Das,rahul.das@example.com,Kanpur
552,James Sharma,james.sharma@example.com,Hyderabad
553,Robert Malhotra,robert.malhotra@example.com,Dhanbad
554,Gaurav Bhasin,gaurav.bhasin@example.com,Lucknow
555,Manoj Johnson,manoj.johnson@example.com,Kanpur
556,Pooja Williams,pooja.williams@example.com,Ranchi
557,Bhavya Mishra,bhavya.mishra@example.com,Hyderabad
558,Rajesh Trivedi,rajesh.trivedi@example.com,Ghaziabad
559,John Jones,john.jones@example.com,Howrah
560,Meena Choudhury,meena.choudhury@example.com,Chandigarh
561,Aditya Rao,aditya.rao@example.com,Raipur
562,Swati Gupta,swati.gupta@example.com,Delhi
563,Nitin Gill,nitin.gill@example.com,Madurai
564,Kavita Arora,kavita.arora@example.com,Meerut
565,Sanjay Miller,sanjay.miller@example.com,Srinagar
566,Ritu Chatterjee,ritu.chatterjee@example.com,Kanpur
567,Jessica Sharma,jessica.sharma@example.com,Coimbatore
568,Vijay Gill,vijay.gill@example.com,Mumbai
569,Emily Gill,emily.gill@example.com,Coimbatore
570,Rajesh Kumar,rajesh.kumar@example.com,Vijayawada
571,Rohit Soni,rohit.soni@example.com,Nashik
572,Rajesh Rao,rajesh.rao@example.com,Navi Mumbai
573,Deepak Rao,deepak.rao@example.com,Thane
574,Alok Sen,alok.sen@example.com,Jaipur
575,Emily Smith,emily.smith@example.com,Jodhpur
576,Ritu Williams,ritu.williams@example.com,Rajkot
577,Shweta Das,shweta.das@example.com,Delhi
578,Sanjay Khanna,sanjay.khanna@example.com,Allahabad
579,Priya Bhasin,priya.bhasin@example.com,Howrah
580,James Bhasin,james.bhasin@example.com,Ranchi
581,Sanjay Garcia,sanjay.garcia@example.com,Rajkot
582,Priya Sharma,priya.sharma@example.com,Howrah
583,Vikram Kumar,vikram.kumar@example.com,Nagpur
584,Aarti Malhotra,aarti.malhotra@example.com,Delhi
585,Isha Das,isha.das@example.com,Kota
586,Michael Singh,michael.singh@example.com,Salem
587,Nitin Choudhury,nitin.choudhury@example.com,Indore
588,Anil Choudhury,anil.choudhury@example.com,Thane
589,Deepak Jones,deepak.jones@example.com,Kolkata
590,Neha Sen,neha.sen@example.com,Patna
591,Kavita Patel,kavita.patel@example.com,Pimpri-Chinchwad
592,Vikram Sen,vikram.sen@example.com,Rourkela
593,Deepak Mishra,deepak.mishra@example.com,Pimpri-Chinchwad
594,Bhavya Chatterjee,bhavya.chatterjee@example.com,Jaipur
595,Sarah Sen,sarah.sen@example.com,Patna
596,Rajesh Williams,rajesh.williams@example.com,Surat
597,Ritu Joshi,ritu.joshi@example.com,Aurangabad
598,Rohit Arora,rohit.arora@example.com,Hyderabad
599,Sunil Shah,sunil.shah@example.com,Jaipur
600,Mary Singh,mary.singh@example.com,Surat
601,Mary Roy,mary.roy@example.com,Coimbatore
602,Arjun Verma,arjun.verma@example.com,Meerut
603,Isha Malhotra,isha.malhotra@example.com,Coimbatore
604,Nitin Rodriguez,nitin.rodriguez@example.com,Gwalior
605,Alok Mishra,alok.mishra@example.com,Howrah
606,Robert Johnson,robert.johnson@example.com,Kalyan-Dombivli
607,Arjun Khanna,arjun.khanna@example.com,Nashik
608,Divya Roy,divya.roy@example.com,Jabalpur
609,Alok Williams,alok.williams@example.com,Meerut
610,Jessica Joshi,jessica.joshi@example.com,Amritsar
611,Pankaj Gill,pankaj.gill@example.com,Allahabad
612,Diya Sen,diya.sen@example.com,Vasai-Virar
613,Jessica Smith,jessica.smith@example.com,Gwalior
614,Amit Pillai,amit.pillai@example.com,Srinagar
615,Pooja Joshi,pooja.joshi@example.com,Delhi
616,Arav Das,arav.das@example.com,Kota
617,Neha Khanna,neha.khanna@example.com,Jabalpur
618,Isha Johnson,isha.johnson@example.com,Rourkela
619,Suresh Pandey,suresh.pandey@example.com,Amritsar
620,Robert Sen,robert.sen@example.com,Ludhiana
621,Rohit Sen,rohit.sen@example.com,Rajkot
622,James Williams,james.williams@example.com,Allahabad
623,Alok Khanna,alok.khanna@example.com,Mumbai
624,David Kapoor,david.kapoor@example.com,Amritsar
625,Ramesh Kapoor,ramesh.kapoor@example.com,Pimpri-Chinchwad
626,Ananya Banerjee,ananya.banerjee@example.com,Ludhiana
627,Swati Singh,swati.singh@example.com,Bangalore
628,Pooja Mishra,pooja.mishra@example.com,Nashik
629,James Das,james.das@example.com,Varanasi
630,Aadhya Mishra,aadhya.mishra@example.com,Coimbatore
631,Ritu Patel,ritu.patel@example.com,Dhanbad
632,Arav Williams,arav.williams@example.com,Salem
633,Reyansh Kumar,reyansh.kumar@example.com,Kolkata
634,Neha Mehta,neha.mehta@example.com,Vijayawada
635,Priya Verma,priya.verma@example.com,Visakhapatnam
636,Rahul Rao,rahul.rao@example.com,Gwalior
637,Jessica Kapoor,jessica.kapoor@example.com,Allahabad
638,Sneha Patel,sneha.patel@example.com,Kanpur
639,Manoj Joshi,manoj.joshi@example.com,Pimpri-Chinchwad
640,Michael Gill,michael.gill@example.com,Agra
641,Sarah Gill,sarah.gill@example.com,Indore
642,Swati Kumar,swati.kumar@example.com,Vasai-Virar
643,Ananya Singh,ananya.singh@example.com,Ranchi
644,Vivaan Joshi,vivaan.joshi@example.com,Srinagar
645,Vikram Wilson,vikram.wilson@example.com,Amritsar
646,David Patel,david.patel@example.com,Rajkot
647,Kabir Sen,kabir.sen@example.com,Raipur
648,Divya Das,divya.das@example.com,Thane
649,Vivaan Trivedi,vivaan.trivedi@example.com,Vadodara
650,Pankaj Miller,pankaj.miller@example.com,Srinagar
651,Diya Rodriguez,diya.rodriguez@example.com,Chennai
652,Rahul Chatterjee,rahul.chatterjee@example.com,Amritsar
653,Vivaan Khanna,vivaan.khanna@example.com,Ghaziabad
654,Jessica Johnson,jessica.johnson@example.com,Guwahati
655,Divya Khanna,divya.khanna@example.com,Thane
656,Aadhya Shah,aadhya.shah@example.com,Meerut
657,Kavita Trivedi,kavita.trivedi@example.com,Nagpur
658,Reyansh Singh,reyansh.singh@example.com,Amritsar
659,Divya Brown,divya.brown@example.com,Bangalore
660,Vijay Bhasin,vijay.bhasin@example.com,Thane
661,Michael Das,michael.das@example.com,Nagpur
662,Gaurav Singh,gaurav.singh@example.com,Ludhiana
663,Meena Sen,meena.sen@example.com,Visakhapatnam
664,Arjun Malhotra,arjun.malhotra@example.com,Ghaziabad
665,Rohit Kapoor,rohit.kapoor@example.com,Jaipur
666,Shweta Kumar,shweta.kumar@example.com,Nagpur
667,Sunil Soni,sunil.soni@example.com,Pimpri-Chinchwad
668,Ananya Gupta,ananya.gupta@example.com,Rourkela
669,Deepak Chatterjee,deepak.chatterjee@example.com,Jaipur
670,Rajesh Singh,rajesh.singh@example.com,Varanasi
671,William Mishra,william.mishra@example.com,Dhanbad
672,James Banerjee,james.banerjee@example.com,Faridabad
673,Alok Garcia,alok.garcia@example.com,Rajkot
674,Sneha Gill,sneha.gill@example.com,Faridabad
675,Kiran Rao,kiran.rao@example.com,Allahabad
676,Deepak Das,deepak.das@example.com,Navi Mumbai
677,Ritu Choudhury,ritu.choudhury@example.com,Patna
678,Pooja Gupta,pooja.gupta@example.com,Amritsar
679,Sarah Rodriguez,sarah.rodriguez@example.com,Thane
680,Pooja Bose,pooja.bose@example.com,Guwahati
681,Bhavya Jones,bhavya.jones@example.com,Jabalpur
682,Sanjay Gupta,sanjay.gupta@example.com,Nashik
683,Vivaan Banerjee,vivaan.banerjee@example.com,Vijayawada
684,Manoj Jones,manoj.jones@example.com,Chandigarh
685,Diya Choudhury,diya.choudhury@example.com,Nashik
686,Amit Wilson,amit.wilson@example.com,Rourkela
687,Aditya Chatterjee,aditya.chatterjee@example.com,Gwalior
688,Amit Williams,amit.williams@example.com,Hyderabad
689,Diya Pillai,diya.pillai@example.com,Bhopal
690,Arav Kumar,arav.kumar@example.com,Patna
691,Nitin Mishra,nitin.mishra@example.com,Delhi
692,Aditya Davis,aditya.davis@example.com,Pimpri-Chinchwad
693,Meena Malhotra,meena.malhotra@example.com,Salem
694,Jessica Singh,jessica.singh@example.com,Salem
695,Jessica Chatterjee,jessica.chatterjee@example.com,Visakhapatnam
696,Rajesh Gill,rajesh.gill@example.com,Hyderabad
697,Arjun Bose,arjun.bose@example.com,Vasai-Virar
698,Neha Das,neha.das@example.com,Chandigarh
699,Ritu Arora,ritu.arora@example.com,Indore
700,Diya Chatterjee,diya.chatterjee@example.com,Hyderabad
701,Emily Das,emily.das@example.com,Chennai
702,Priya Sen,priya.sen@example.com,Gwalior
703,Amit Smith,amit.smith@example.com,Ranchi
704,Gaurav Patel,gaurav.patel@example.com,Raipur
705,Divya Nair,divya.nair@example.com,Vasai-Virar
706,Sanjay Sen,sanjay.sen@example.com,Agra
707,Manoj Mehta,manoj.mehta@example.com,Patna
708,Pankaj Banerjee,pankaj.banerjee@example.com,Patna
709,Divya Kapoor,divya.kapoor@example.com,Amritsar
710,Deepak Kapoor,deepak.kapoor@example.com,Amritsar
711,Nitin Joshi,nitin.joshi@example.com,Gwalior
712,Vijay Smith,vijay.smith@example.com,Thane
713,Deepak Shah,deepak.shah@example.com,Srinagar
714,William Sen,william.sen@example.com,Agra
715,Bhavya Wilson,bhavya.wilson@example.com,Indore
716,Sunil Chatterjee,sunil.chatterjee@example.com,Faridabad
717,Vijay Roy,vijay.roy@example.com,Vijayawada
718,Vikram Reddy,vikram.reddy@example.com,Raipur
719,Aadhya Rao,aadhya.rao@example.com,Navi Mumbai
720,Arjun Gupta,arjun.gupta@example.com,Thane
721,Ananya Rodriguez,ananya.rodriguez@example.com,Chandigarh
722,William Singh,william.singh@example.com,Delhi
723,David Malhotra,david.malhotra@example.com,Patna
724,Jessica Shah,jessica.shah@example.com,Vasai-Virar
725,Pankaj Das,pankaj.das@example.com,Salem
726,William Khanna,william.khanna@example.com,Nagpur
727,Aadhya Choudhury,aadhya.choudhury@example.com,Thane
728,David Pillai,david.pillai@example.com,Kota
729,Nitin Bose,nitin.bose@example.com,Pune
730,Rohit Mehta,rohit.mehta@example.com,Aurangabad
731,Nitin Sen,nitin.sen@example.com,Bangalore
732,Michael Khanna,michael.khanna@example.com,Vasai-Virar
733,Diya Kapoor,diya.kapoor@example.com,Ranchi
734,Kiran Pillai,kiran.pillai@example.com,Raipur
735,Arjun Garcia,arjun.garcia@example.com,Aurangabad
736,James Choudhury,james.choudhury@example.com,Kolkata
737,Ramesh Sharma,ramesh.sharma@example.com,Varanasi
738,Ramesh Pillai,ramesh.pillai@example.com,Visakhapatnam
739,Arav Choudhury,arav.choudhury@example.com,Amritsar
740,Anil Pandey,anil.pandey@example.com,Madurai
741,Sunil Bhasin,sunil.bhasin@example.com,Kota
742,Sneha Shah,sneha.shah@example.com,Delhi
743,William Miller,william.miller@example.com,Visakhapatnam
744,Priya Shah,priya.shah@example.com,Salem
745,Arav Khanna,arav.khanna@example.com,Kanpur
746,William Banerjee,william.banerjee@example.com,Coimbatore
747,Pankaj Williams,pankaj.williams@example.com,Mumbai
748,Meena Singh,meena.singh@example.com,Ahmedabad
749,Meena Pandey,meena.pandey@example.com,Chandigarh
750,Rahul Singh,rahul.singh@example.com,Gwalior
751,Bhavya Choudhury,bhavya.choudhury@example.com,Visakhapatnam
752,William Chatterjee,william.chatterjee@example.com,Raipur
753,Priya Wilson,priya.wilson@example.com,Dhanbad
754,Aadhya Arora,aadhya.arora@example.com,Meerut
755,Bhavya Khanna,bhavya.khanna@example.com,Chandigarh
756,Arav Roy,arav.roy@example.com,Bangalore
757,Kiran Trivedi,kiran.trivedi@example.com,Chandigarh
758,Bhavya Nair,bhavya.nair@example.com,Rajkot
759,Manoj Arora,manoj.arora@example.com,Madurai
760,Diya Gupta,diya.gupta@example.com,Mumbai
761,Aditya Reddy,aditya.reddy@example.com,Lucknow
762,Nitin Jones,nitin.jones@example.com,Jaipur
763,Meena Bose,meena.bose@example.com,Lucknow
764,Pankaj Rodriguez,pankaj.rodriguez@example.com,Vijayawada
765,Vivaan Roy,vivaan.roy@example.com,Srinagar
766,Sunil Khanna,sunil.khanna@example.com,Salem
767,Vivaan Gupta,vivaan.gupta@example.com,Ghaziabad
768,Neha Soni,neha.soni@example.com,Meerut
769,Rajesh Miller,rajesh.miller@example.com,Coimbatore
770,Sanjay Roy,sanjay.roy@example.com,Kota
771,Mary Jones,mary.jones@example.com,Dhanbad
772,Jessica Patel,jessica.patel@example.com,Surat
773,Aarti Singh,aarti.singh@example.com,Ludhiana
774,Shweta Jones,shweta.jones@example.com,Aurangabad
775,David Jones,david.jones@example.com,Guwahati
776,David Das,david.das@example.com,Lucknow
777,Rahul Davis,rahul.davis@example.com,Jaipur
778,Neha Chatterjee,neha.chatterjee@example.com,Raipur
779,Neha Reddy,neha.reddy@example.com,Bangalore
780,Neha Rao,neha.rao@example.com,Salem
781,Jessica Pillai,jessica.pillai@example.com,Rajkot
782,Vivaan Mehta,vivaan.mehta@example.com,Aurangabad
783,Amit Gill,amit.gill@example.com,Patna
784,David Brown,david.brown@example.com,Visakhapatnam
785,Meena Wilson,meena.wilson@example.com,Madurai
786,Aadhya Verma,aadhya.verma@example.com,Pimpri-Chinchwad
787,Gaurav Garcia,gaurav.garcia@example.com,Faridabad
788,Arjun Sen,arjun.sen@example.com,Surat
789,Meena Khanna,meena.khanna@example.com,Madurai
790,Alok Wilson,alok.wilson@example.com,Kolkata
791,William Johnson,william.johnson@example.com,Vadodara
792,Aadhya Patel,aadhya.patel@example.com,Vasai-Virar
793,Sanjay Arora,sanjay.arora@example.com,Jodhpur
794,Shweta Gupta,shweta.gupta@example.com,Pimpri-Chinchwad
795,Rahul Pandey,rahul.pandey@example.com,Thane
796,Kabir Verma,kabir.verma@example.com,Vadodara
797,David Soni,david.soni@example.com,Vadodara
798,Gaurav Miller,gaurav.miller@example.com,Raipur
799,Sarah Bose,sarah.bose@example.com,Thane
800,Manoj Sharma,manoj.sharma@example.com,Madurai
801,Sunil Bose,sunil.bose@example.com,Pimpri-Chinchwad
802,Jessica Garcia,jessica.garcia@example.com,Lucknow
803,Gaurav Mehta,gaurav.mehta@example.com,Allahabad
804,James Rodriguez,james.rodriguez@example.com,Ghaziabad
805,Sunil Sen,sunil.sen@example.com,Vasai-Virar
806,Amit Shah,amit.shah@example.com,Thane
807,Vivaan Wilson,vivaan.wilson@example.com,Raipur
808,Shweta Rodriguez,shweta.rodriguez@example.com,Howrah
809,Suresh Verma,suresh.verma@example.com,Nagpur
810,Michael Banerjee,michael.banerjee@example.com,Delhi
811,Isha Gill,isha.gill@example.com,Navi Mumbai
812,William Trivedi,william.trivedi@example.com,Rajkot
813,Rajesh Pandey,rajesh.pandey@example.com,Meerut
814,Swati Nair,swati.nair@example.com,Ranchi
815,Aarti Khanna,aarti.khanna@example.com,Navi Mumbai
816,Kavita Reddy,kavita.reddy@example.com,Meerut
817,Suresh Patel,suresh.patel@example.com,Vijayawada
818,Manoj Kapoor,manoj.kapoor@example.com,Ghaziabad
819,Reyansh Shah,reyansh.shah@example.com,Madurai
820,Suresh Smith,suresh.smith@example.com,Ludhiana
821,Vijay Malhotra,vijay.malhotra@example.com,Lucknow
822,Shweta Nair,shweta.nair@example.com,Thane
823,Ananya Chatterjee,ananya.chatterjee@example.com,Navi Mumbai
824,Nitin Trivedi,nitin.trivedi@example.com,Kota
825,Kabir Trivedi,kabir.trivedi@example.com,Rourkela
826,Kiran Davis,kiran.davis@example.com,Salem
827,Ritu Das,ritu.das@example.com,Pimpri-Chinchwad
828,Bhavya Sen,bhavya.sen@example.com,Meerut
829,Pooja Sen,pooja.sen@example.com,Thane
830,John Gill,john.gill@example.com,Kolkata
831,Arjun Pandey,arjun.pandey@example.com,Indore
832,Priya Pandey,priya.pandey@example.com,Coimbatore
833,Priya Williams,priya.williams@example.com,Faridabad
834,James Pandey,james.pandey@example.com,Pimpri-Chinchwad
835,Sarah Nair,sarah.nair@example.com,Bangalore
836,Anil Reddy,anil.reddy@example.com,Kanpur
837,Aarti Williams,aarti.williams@example.com,Bangalore
838,Alok Gupta,alok.gupta@example.com,Ghaziabad
839,Pooja Soni,pooja.soni@example.com,Nashik
840,Robert Sharma,robert.sharma@example.com,Agra
841,Mary Verma,mary.verma@example.com,Vijayawada
842,Priya Reddy,priya.reddy@example.com,Allahabad
843,Mary Smith,mary.smith@example.com,Agra
844,James Miller,james.miller@example.com,Visakhapatnam
845,Diya Verma,diya.verma@example.com,Ghaziabad
846,Reyansh Rao,reyansh.rao@example.com,Mumbai
847,Ananya Mishra,ananya.mishra@example.com,Faridabad
848,Anil Sen,anil.sen@example.com,Mumbai
849,Vijay Bose,vijay.bose@example.com,Surat
850,Ramesh Reddy,ramesh.reddy@example.com,Kota
851,Deepak Gupta,deepak.gupta@example.com,Rourkela
852,Kavita Verma,kavita.verma@example.com,Vasai-Virar
853,Emily Verma,emily.verma@example.com,Agra
854,Emily Reddy,emily.reddy@example.com,Ahmedabad
855,John Miller,john.miller@example.com,Coimbatore
856,Kabir Shah,kabir.shah@example.com,Jabalpur
857,Neha Bhasin,neha.bhasin@example.com,Amritsar
858,Manoj Banerjee,manoj.banerjee@example.com,Salem
859,Aadhya Banerjee,aadhya.banerjee@example.com,Jodhpur
860,Vikram Verma,vikram.verma@example.com,Lucknow
861,Pooja Smith,pooja.smith@example.com,Ahmedabad
862,Michael Smith,michael.smith@example.com,Bangalore
863,Reyansh Das,reyansh.das@example.com,Agra
864,Rahul Bhasin,rahul.bhasin@example.com,Coimbatore
865,Vikram Miller,vikram.miller@example.com,Jabalpur
866,John Williams,john.williams@example.com,Ranchi
867,Robert Williams,robert.williams@example.com,Chennai
868,Shweta Khanna,shweta.khanna@example.com,Aurangabad
869,Kavita Chatterjee,kavita.chatterjee@example.com,Allahabad
870,Rohit Gill,rohit.gill@example.com,Gwalior
871,Robert Jones,robert.jones@example.com,Nashik
872,Rajesh Kapoor,rajesh.kapoor@example.com,Kolkata
873,Deepak Smith,deepak.smith@example.com,Pune
874,Diya Johnson,diya.johnson@example.com,Mumbai
875,Swati Roy,swati.roy@example.com,Vijayawada
876,Alok Verma,alok.verma@example.com,Lucknow
877,Neha Gupta,neha.gupta@example.com,Aurangabad
878,Aarti Wilson,aarti.wilson@example.com,Bangalore
879,Diya Williams,diya.williams@example.com,Mumbai
880,Diya Banerjee,diya.banerjee@example.com,Ludhiana
881,James Gupta,james.gupta@example.com,Aurangabad
882,Sarah Joshi,sarah.joshi@example.com,Indore
883,James Pillai,james.pillai@example.com,Rajkot
884,Pankaj Choudhury,pankaj.choudhury@example.com,Varanasi
885,Vikram Kapoor,vikram.kapoor@example.com,Rajkot
886,Emily Arora,emily.arora@example.com,Bangalore
887,Aarti Gupta,aarti.gupta@example.com,Rourkela
888,Deepak Malhotra,deepak.malhotra@example.com,Pune
889,Sanjay Verma,sanjay.verma@example.com,Hyderabad
890,Sanjay Soni,sanjay.soni@example.com,Pimpri-Chinchwad
891,Amit Nair,amit.nair@example.com,Jabalpur
892,Sarah Singh,sarah.singh@example.com,Dhanbad
893,Neha Bose,neha.bose@example.com,Coimbatore
894,Amit Patel,amit.patel@example.com,Chennai
895,Kavita Wilson,kavita.wilson@example.com,Madurai
896,Rohit Singh,rohit.singh@example.com,Indore
897,Priya Choudhury,priya.choudhury@example.com,Howrah
898,Kabir Williams,kabir.williams@example.com,Lucknow
899,Mary Sen,mary.sen@example.com,Bhopal
900,Robert Rao,robert.rao@example.com,Delhi
901,Sarah Mehta,sarah.mehta@example.com,Rourkela
902,Swati Brown,swati.brown@example.com,Ranchi
903,Priya Brown,priya.brown@example.com,Hyderabad
904,Alok Banerjee,alok.banerjee@example.com,Nagpur
905,Ramesh Davis,ramesh.davis@example.com,Guwahati
906,Amit Banerjee,amit.banerjee@example.com,Howrah
907,Rohit Khanna,rohit.khanna@example.com,Pune
908,Meena Miller,meena.miller@example.com,Ahmedabad
909,Kabir Smith,kabir.smith@example.com,Allahabad
910,Swati Joshi,swati.joshi@example.com,Lucknow
911,Diya Soni,diya.soni@example.com,Nagpur
912,Pankaj Arora,pankaj.arora@example.com,Rajkot
913,Kavita Williams,kavita.williams@example.com,Ludhiana
914,Diya Singh,diya.singh@example.com,Jabalpur
915,Ananya Bose,ananya.bose@example.com,Aurangabad
916,Manoj Rodriguez,manoj.rodriguez@example.com,Nagpur
917,Shweta Roy,shweta.roy@example.com,Visakhapatnam
918,Suresh Joshi,suresh.joshi@example.com,Vijayawada
919,William Gupta,william.gupta@example.com,Raipur
920,Aadhya Williams,aadhya.williams@example.com,Bangalore
921,Kabir Banerjee,kabir.banerjee@example.com,Srinagar
922,Aarti Rodriguez,aarti.rodriguez@example.com,Ludhiana
923,William Joshi,william.joshi@example.com,Indore
924,Ramesh Gill,ramesh.gill@example.com,Guwahati
925,Rahul Gupta,rahul.gupta@example.com,Thane
926,Sneha Trivedi,sneha.trivedi@example.com,Delhi
927,Amit Mehta,amit.mehta@example.com,Ranchi
928,Kavita Bose,kavita.bose@example.com,Coimbatore
929,Rahul Smith,rahul.smith@example.com,Jaipur
930,Sunil Singh,sunil.singh@example.com,Pune
931,Sanjay Trivedi,sanjay.trivedi@example.com,Pimpri-Chinchwad
932,Rajesh Patel,rajesh.patel@example.com,Navi Mumbai
933,Anil Johnson,anil.johnson@example.com,Nashik
934,Rajesh Davis,rajesh.davis@example.com,Allahabad
935,Priya Das,priya.das@example.com,Pimpri-Chinchwad
936,Vivaan Patel,vivaan.patel@example.com,Nashik
937,Ramesh Rao,ramesh.rao@example.com,Rourkela
938,Michael Roy,michael.roy@example.com,Howrah
939,Emily Singh,emily.singh@example.com,Faridabad
940,Sunil Miller,sunil.miller@example.com,Varanasi
941,Ritu Khanna,ritu.khanna@example.com,Visakhapatnam
942,David Kumar,david.kumar@example.com,Chandigarh
943,Sneha Singh,sneha.singh@example.com,Varanasi
944,Ritu Sharma,ritu.sharma@example.com,Vijayawada
945,Kabir Sharma,kabir.sharma@example.com,Thane
946,John Malhotra,john.malhotra@example.com,Hyderabad
947,Isha Mehta,isha.mehta@example.com,Bangalore
948,Vikram Gill,vikram.gill@example.com,Navi Mumbai
949,Kabir Rao,kabir.rao@example.com,Madurai
950,Rohit Williams,rohit.williams@example.com,Raipur
951,Sarah Das,sarah.das@example.com,Pune
952,Kiran Verma,kiran.verma@example.com,Vasai-Virar
953,Vijay Jones,vijay.jones@example.com,Vijayawada
954,Priya Smith,priya.smith@example.com,Chandigarh
955,Arav Wilson,arav.wilson@example.com,Jodhpur
956,David Miller,david.miller@example.com,Gwalior
957,Reyansh Brown,reyansh.brown@example.com,Chandigarh
958,John Trivedi,john.trivedi@example.com,Amritsar
959,Sanjay Banerjee,sanjay.banerjee@example.com,Coimbatore
960,Kavita Miller,kavita.miller@example.com,Navi Mumbai
961,Jessica Reddy,jessica.reddy@example.com,Faridabad
962,Vijay Khanna,vijay.khanna@example.com,Ahmedabad
963,Amit Verma,amit.verma@example.com,Rajkot
964,Alok Pillai,alok.pillai@example.com,Patna
965,James Nair,james.nair@example.com,Kalyan-Dombivli
966,Bhavya Roy,bhavya.roy@example.com,Chandigarh
967,Priya Rodriguez,priya.rodriguez@example.com,Nagpur
968,Kiran Banerjee,kiran.banerjee@example.com,Ludhiana
969,Deepak Mehta,deepak.mehta@example.com,Kalyan-Dombivli
970,Bhavya Mehta,bhavya.mehta@example.com,Ahmedabad
971,Anil Malhotra,anil.malhotra@example.com,Chennai
972,Deepak Banerjee,deepak.banerjee@example.com,Allahabad
973,Sanjay Pandey,sanjay.pandey@example.com,Vasai-Virar
974,Anil Patel,anil.patel@example.com,Salem
975,Ramesh Khanna,ramesh.khanna@example.com,Kota
976,Aadhya Rodriguez,aadhya.rodriguez@example.com,Guwahati
977,Michael Sharma,michael.sharma@example.com,Amritsar
978,Aarti Bose,aarti.bose@example.com,Dhanbad
979,Meena Pillai,meena.pillai@example.com,Kanpur
980,Reyansh Mishra,reyansh.mishra@example.com,Dhanbad
981,Priya Miller,priya.miller@example.com,Navi Mumbai
982,Reyansh Nair,reyansh.nair@example.com,Madurai
983,Divya Choudhury,divya.choudhury@example.com,Thane
984,Kiran Das,kiran.das@example.com,Lucknow
985,Kiran Nair,kiran.nair@example.com,Kota
986,Arjun Wilson,arjun.wilson@example.com,Dhanbad
987,Swati Jones,swati.jones@example.com,Allahabad
988,John Patel,john.patel@example.com,Amritsar
989,Kavita Nair,kavita.nair@example.com,Varanasi
990,Bhavya Soni,bhavya.soni@example.com,Mumbai
991,Amit Roy,amit.roy@example.com,Ludhiana
992,Kabir Jones,kabir.jones@example.com,Ghaziabad
993,Aditya Arora,aditya.arora@example.com,Meerut
994,Sanjay Bhasin,sanjay.bhasin@example.com,Mumbai
995,Vijay Mishra,vijay.mishra@example.com,Ahmedabad
996,Rohit Bose,rohit.bose@example.com,Dhanbad
997,Rajesh Choudhury,rajesh.choudhury@example.com,Rajkot
998,Anil Verma,anil.verma@example.com,Raipur
999,Emily Trivedi,emily.trivedi@example.com,Ahmedabad
1000,Gaurav Rodriguez,gaurav.rodriguez@example.com,Aurangabad
